time,reservoir_storage,Zone1_canal_flow,Zone1_actual_supply,Zone1_demand,Zone1_shortage,Zone1_satisfaction,Zone2_canal_flow,Zone2_actual_supply,Zone2_demand,Zone2_shortage,Zone2_satisfaction,Zone3_canal_flow,Zone3_actual_supply,Zone3_demand,Zone3_shortage,Zone3_satisfaction,Zone4_canal_flow,Zone4_actual_supply,Zone4_demand,Zone4_shortage,Zone4_satisfaction,Zone5_canal_flow,Zone5_actual_supply,Zone5_demand,Zone5_shortage,Zone5_satisfaction
day1,5470.0,150.0,138.0,150.0,12.0,92.0,120.0,108.0,120.0,12.0,90.0,100.0,88.0,100.0,12.0,88.0,90.0,76.5,90.0,13.5,85.0,70.0,58.099999999999994,70.0,11.900000000000006,83.0
day2,4940.0,150.0,138.0,150.0,12.0,92.0,120.0,108.0,120.0,12.0,90.0,100.0,88.0,100.0,12.0,88.0,90.0,76.5,90.0,13.5,85.0,70.0,58.099999999999994,70.0,11.900000000000006,83.0
day3,4410.0,150.0,138.0,150.0,12.0,92.0,120.0,108.0,120.0,12.0,90.0,100.0,88.0,100.0,12.0,88.0,90.0,76.5,90.0,13.5,85.0,70.0,58.099999999999994,70.0,11.900000000000006,83.0
day4,3880.0,150.0,138.0,150.0,12.0,92.0,120.0,108.0,120.0,12.0,90.0,100.0,88.0,100.0,12.0,88.0,90.0,76.5,90.0,13.5,85.0,70.0,58.099999999999994,70.0,11.900000000000006,83.0
day5,3350.0,150.0,138.0,150.0,12.0,92.0,120.0,108.0,120.0,12.0,90.0,100.0,88.0,100.0,12.0,88.0,90.0,76.5,90.0,13.5,85.0,70.0,58.099999999999994,70.0,11.900000000000006,83.0
day6,2820.0,150.0,138.0,150.0,12.0,92.0,120.0,108.0,120.0,12.0,90.0,100.0,88.0,100.0,12.0,88.0,90.0,76.5,90.0,13.5,85.0,70.0,58.099999999999994,70.0,11.900000000000006,83.0
day7,2290.0,150.0,138.0,150.0,12.0,92.0,120.0,108.0,120.0,12.0,90.0,100.0,88.0,100.0,12.0,88.0,90.0,76.5,90.0,13.5,85.0,70.0,58.099999999999994,70.0,11.900000000000006,83.0
