scenario,description,total_demand,total_supply,shortage,shortage_rate,avg_supply_rate,min_supply_rate,shortage_periods,energy,cost,unit_cost,min_storage,warning_periods,danger_periods,risk_level
正常运行,基准场景，供需平衡,2713.7302857715467,2713.7302857715467,0.0,0.0,100.0,100.0,0,352.7849371503012,306.55790060737854,0.11296550074069736,42286.2697142285,0,0,低
轻度缺水,入流减少20%，需求正常,2713.7302857715467,2713.7302857715467,0.0,0.0,100.0,100.0,0,352.7849371503012,306.55790060737854,0.11296550074069736,35286.2697142285,0,0,低
中度缺水,入流减少40%，需求增加10%,2985.1033143487016,2985.1033143487016,0.0,0.0,100.0,100.0,0,388.06343086533127,337.2136906681161,0.11296550074069726,32014.8966856513,0,0,低
严重缺水,入流减少60%，需求增加20%,3256.476342925856,3256.476342925856,0.0,0.0,100.0,100.0,0,423.34192458036136,367.8694807288541,0.11296550074069733,26743.5236570741,48,0,中
极端缺水,入流减少70%，需求增加30%，设备故障,3527.849371503011,3000.0000000000014,527.8493715030093,14.962355699390969,86.43547482552621,0.0,13,390.0,327.1586181134346,0.10905287270447815,25000.0,22,26,高
应急状态,极端干旱+高需求+设备故障组合,3799.2224000801652,1999.9999999999995,1799.2224000801657,47.357648766289685,55.83330701313374,-2.356611727682636e-13,33,260.0,205.37400000000002,0.10268700000000003,25000.0,11,37,高
